{
  "train_loss": [
    0.20624647233218177,
    0.08781077085322997,
    0.06899661566369109,
    0.05869975148465361,
    0.053168017972709494,
    0.044175617354323786,
    0.04186896093035571,
    0.035813016325497486
  ],
  "val_loss": [
    0.05993387994492148,
    0.03846913307460784,
    0.03190870188993045,
    0.03715032247403942,
    0.03404025101129953,
    0.029487967833668794,
    0.029744380186794858,
    0.026637902154719964
  ],
  "train_acc": [
    93.71166666666667,
    97.42,
    97.84666666666666,
    98.22166666666666,
    98.34666666666666,
    98.67833333333333,
    98.74333333333334,
    98.92
  ],
  "val_acc": [
    98.09,
    98.76,
    98.95,
    98.82,
    98.87,
    98.98,
    99.04,
    99.21
  ],
  "wuxing_states": [
    [
      0.9738277229418955,
      0.5206460109707084,
      0.09611723878151679,
      0.6,
      0.11029615030197178
    ],
    [
      0.7,
      0.24177576477433813,
      0.5,
      1.0,
      0.6
    ],
    [
      0.7,
      0.24177576477433813,
      0.5,
      1.0,
      0.6
    ],
    [
      0.7,
      0.24177576477433813,
      0.5,
      1.0,
      0.6
    ],
    [
      0.7,
      0.24177576477433813,
      0.5,
      1.0,
      0.6
    ],
    [
      0.7,
      0.24177576477433813,
      0.5,
      1.0,
      0.6
    ]
  ],
  "interventions": [
    {
      "intervention_point": "conv1.bias",
      "improvement": 2.283288617432117,
      "kept": true
    },
    {
      "intervention_point": "fc2.bias",
      "improvement": 2.2891242744401095,
      "kept": true
    },
    {
      "intervention_point": "conv1.weight",
      "improvement": 2.288073800434358,
      "kept": true
    },
    {
      "intervention_point": "conv1.weight",
      "improvement": 2.293120743241161,
      "kept": true
    }
  ]
}