{
  "train_loss": [
    0.21100521904589142,
    0.09044778245443633,
    0.06948005561423955,
    0.06277018313212737,
    0.05433647028749624,
    0.04743231080864285,
    0.0426651628307332,
    0.03746057568627573
  ],
  "val_loss": [
    0.04491527405809196,
    0.0482926210243949,
    0.03381821756746756,
    0.03284498295898299,
    0.032640715041243946,
    0.0309292866185486,
    0.029655105270048054,
    0.02712221717041059
  ],
  "train_acc": [
    93.52166666666666,
    97.345,
    97.87,
    98.11166666666666,
    98.34666666666666,
    98.595,
    98.67666666666666,
    98.79
  ],
  "val_acc": [
    98.44,
    98.46,
    98.76,
    98.9,
    98.96,
    98.92,
    99.06,
    99.21
  ],
  "wuxing_states": [
    [
      0.9738277229418955,
      0.5206460109707084,
      0.09743495631785967,
      0.6,
      0.11716097483185144
    ],
    [
      0.7,
      0.24177576477433813,
      0.5,
      1.0,
      0.6
    ],
    [
      0.7,
      0.24177576477433813,
      0.5,
      1.0,
      0.6
    ],
    [
      0.7,
      0.24177576477433813,
      0.5,
      1.0,
      0.6
    ],
    [
      0.7,
      0.24177576477433813,
      0.5,
      1.0,
      0.6
    ],
    [
      0.7,
      0.24177576477433813,
      0.5,
      1.0,
      0.6
    ]
  ],
  "interventions": [
    {
      "intervention_point": "conv1.bias",
      "improvement": 2.278526111645624,
      "kept": true
    },
    {
      "intervention_point": "conv1.bias",
      "improvement": 2.3022413678467273,
      "kept": true
    },
    {
      "intervention_point": "fc2.bias",
      "improvement": 2.3026920771226287,
      "kept": true
    },
    {
      "intervention_point": "bn2.bias",
      "improvement": 2.305197867518291,
      "kept": true
    }
  ]
}